{
  "web": {
    "client_id": "671529192754-fhd7t6h5fs2o0s7eoi8b4ip7pl4dhj1s.apps.googleusercontent.com",
    "project_id": "riverbank",
    "auth_uri": "https://accounts.google.com/o/oauth2/auth",
    "token_uri": "https://oauth2.googleapis.com/token",
    "auth_provider_x509_cert_url": "https://www.googleapis.com/oauth2/v1/certs",
    "client_secret": "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",
    "redirect_uris": [
      "https://riverbank.app/success",
      "http://localhost:3001/auth/access"
    ],
    "javascript_origins": [
      "https://riverbank.app",
      "http://localhost:3000",
      "http://localhost:3001"
    ]
  },
  "ynab": {
    "client_id": "LhJdBx44t6PkoJy-NSj20QcTVZGZ4DjJBlgn67OuVUU",
    "client_secret": "nbKlbn0lTv5Er_1a1dQMASfGYgzmwbC22ec06GBntAQ"
  },
  "cipher": {
    "key": [
      111, 178, 235, 172, 135, 76, 225, 192, 213, 80, 128, 125, 86, 223, 96,
      215, 66, 219, 202, 248, 150, 250, 15, 116, 10, 26, 142, 226, 191, 95, 116,
      223
    ],
    "iv": [
      19, 183, 171, 87, 23, 150, 79, 165, 21, 200, 37, 156, 69, 253, 19, 235
    ]
  }
}
